{
    "Supervisions": "Supervisions",
    "Agent_0rg_Unit": "Agent (org unit)",
    "Periode": "Period",
    "Status_Supervision": "Supervision Status",
    "Actions": "Actions",
    "Unite_Organisation": "Organisation Unit",
    "Ouvrir_Dans_Le_Tracker": "Open in the tracker",
    "Aucune_donnees_Disponibles": "No data available",
    "Element_De_Donnee_Introuvable": "Data element not found!",
    "Programme": "Program",
    "Unites_Organisation": "Organisation Units",
    "Planifier_Par": "Planifications",
    "Moi": "Me",
    "Tous": "All",
    "Utilisateurs": "Users",
    "Superviseurs": "Supervisors",
    "Agent": "Agent",
    "Montants": "Amounts",
    "Erreur_Recuperation_Me": "Error retrieving user",
    "Aucun_Programme_Configurer": "No program is configured. Please configure at least one before proceeding!",
    "Configuration": "Configuration",
    "Element_De_Donner_Obligatoire": "Data element is mandatory!",
    "Donne_Source_Obligatoire": "Source data is mandatory!",
    "Programme_Stage_Obligatoire": "Stage program is mandatory!",
    "Configuration_Ajoutee": "Configuration added!",
    "Configuration_Deja_Ajoutee": "This configuration has already been added!",
    "Suppression_Effectuee": "Deletion performed!",
    "Attribute_Non_Configurer": "No attributes to display, are yet configured for this program. Please go to the configuration section to configure them!",
    "Programme_Non_Trouver": "Program not found!",
    "Erreur_Creation_TEI": "Tracked entity instance creation error!",
    "Erreur_Creation_Enrolement": "Enrollment creation error!",
    "Agent_Introuvable": "Cannot find this Agent!",
    "Planification_Effectuer": "Planning successful!",
    "Chargement_Des_Supervisions": "Loading supervisions...",
    "Aucune_Supervision_Disponible": "No supervision available!",
    "Annuler": "Cancel",
    "Planifier_Supervision": "Schedule supervision(s)",
    "List_Supervisions": "List of supervisions",
    "Nouvelle_Supervision": "New supervision",
    "Que_Voulez_Vous_Superviser": "What do you want to supervise?",
    "Fiches_Supervisions": "Supervision forms",
    "Aucun_Programme_Supervision": "No supervision program available!",
    "Planification": "Planning",
    "Directe": "Direct",
    "Basee_Sur_Perfomances": "Performance-based",
    "Planification_Sur_Org_Units": "Planning based on Organisation Units",
    "Planification_Sur_Performances": "Planning based on configured performances",
    "Indicateurs": "Indicators",
    "Configuration_Des_Champs_De_Saisie": "Configure input fields",
    "Configuration_Element_De_Donner": "Configure data elements to insert the entered information into the form(s)",
    "Formulaire_De_Planification": "Planning form on",
    "Suppression": "Delete",
    "Confirmation_Suppression_Du_Formulaire": "Do you really want to delete this form?",
    "Libelle": "Label",
    "Autre_Superviseurs": "Other supervisors",
    "Ajouter": "Add",
    "Confirmation_Suppression_Superviseur": "Do you really want to delete this supervisor?",
    "Confirmation_Annulation_Event": "Do you really want to cancel this planification ?",
    "Criteres_De_Paiement": "Payment criteria",
    "Unite_Organisation_Obligatoire": "Organisation Unit is mandatory!",
    "Veuillez_Selectionner_Les_Indicateurs": "Please select search indicators!",
    "OrgUnitGroupSet_Obligatoire": "Set of Organisation Unit Groups is mandatory!",
    "OrgUnitGroup_Obligatoire": "Organisation Unit Groups is mandatory!",
    "Veuillez_Selectionner_Periode": "Please select the period!",
    "Aucun_Donne_Trouver_Pour_Cette_Selection": "No data found for this selection!",
    "Criteres_De_Recherches": "Search criteria",
    "Mauvais": "Worst",
    "Meilleur": "Best",
    "OrgUnitGroupSet": "Set of Organisation Unit Groups",
    "OrgUnitGroups": "Organisation Unit Groups",
    "Type_Periode": "Period Type",
    "Afficher_Resultats": "Show results",
    "Liste_Configuration_Element_De_Donnees": "List of data element configuration",
    "Programme_Stage": "Program Stage",
    "Confirmation_Suppression_Configuration": "Do you really want to delete this configuration?",
    "Finalisation": "Finalization",
    "Configurations_Globales": "Global configurations",
    "Programmes_Stage": "Program stage",
    "Ajouter_Nouveau_Mapping": "Add new mapping",
    "Annuler_Le_Mapping": "Cancel mapping",
    "Source_De_Donnée": "Data source",
    "Enregistrer": "Save",
    "Elements_De_Donnees": "Data elements",
    "Liste_Des_Agents": "List of Agents",
    "Chargement": "Loading",
    "Aucun_Agent_Trouve": "No Agent found!",
    "Precedent": "Previous",
    "Suivant": "Next",
    "Periode_Selectionner": "Selected period",
    "Oui": "Yes",
    "Non": "No",
    "Erreur_Creation_Enrollment": "Enrollment creation error!",
    "Configuration_Deja_Mapper": "Tracker programs",
    "Veuillez_Selectionner_Un_Programme": "Please select the tracker program!",
    "Veuillez_Configurer_Attribut_A_Utiliser": "Please configure the attributes to use when displaying agents!",
    "Attribute_Nom": "Please configure the attribute that represents the agent's name!",
    "Attribute_Prenom": "Please configure the attribute that represents the agent's first name!",
    "Programme_Introuvable": "Program not found!",
    "Mise_A_Jour_Effectuer": "Update performed",
    "Nom_Obligatoire": "Name is mandatory!",
    "Etiquette_Obligatoire": "Label is mandatory!",
    "Poid_Obligatoire": "Weight is mandatory!",
    "Indicateur_Deja_Configurer": "This indicator is already configured!",
    "Mise_A_Jour_Succes": "Update successful!",
    "Indicateur_Obligatoire": "Indicator is mandatory!",
    "Configuration_Champ_Supervision": "Configure supervisor fields",
    "Aide_Configuration_Supervision": "This configuration will match the selected data elements with the supervisors that will be selected during planning, respecting the selection order.",
    "Element_Donne": "Data elements",
    "Programmes_Tracker": "Tracker programs",
    "Generer_Supervision_Comme_TEI": "Generate supervisions as Tracked Entity Instances",
    "Generer_Supervision_Comme_EN": "Generate supervisions as Enrollments",
    "Generer_Supervision_Comme_EV": "Generate supervisions as Events",
    "Planifier_Sur_OrgUnit_Ou_Agent": "Do you want to schedule the supervision based on Organisation Units or Agents?",
    "Configuration_Des_Attributes": "Configure program attribute to display",
    "Attributs": "Attributes",
    "Aide_Attribute_Configurer": "The attributes configured here will be used as table headers when displaying the list of Agents.",
    "Program_Stage": "Program Stage",
    "Attribute_Representant_Nom_Et_Prenom": "Please also configure the attributes representing the Agent's name and first name.These pieces of information will be used for better display of Agent information.",
    "Nom_Agent": "Agent's Name",
    "Prenom_Agent": "Agent's First Name",
    "Configuration_Element": "Configure the data element to use for supervision status",
    "Aide_Config_Element": "Configuring this data element will track the status of supervisions.",
    "Libelle_Obligatoire": "The label field is mandatory!",
    "Paiement_Ajouter": "Payment added!",
    "Paiement_Mise_A_Jour": "Payment updated!",
    "Configuration_Des_Paiements": "Payment configuration",
    "Aide_Configuration_Paiement": "Configuring this data element will track the payment status.",
    "Status_Paiement": "Payment status",
    "Element_De_Donnee": "Data element",
    "Paiement": "Payment",
    "Montant_Constant": "Constant amount",
    "Frais_Mobile_Money": "Mobile Money fees (%)",
    "Mise_A_Jour": "Update",
    "Configuration_Supprimer": "Configuration deleted!",
    "Liste_Programme_Tracker": "List of tracker program configurations",
    "Type_Strategie": "Strategy Type",
    "Enrolements": "Enrollments",
    "Evenements": "Events",
    "Teis": "Tracked Entity Instances",
    "Suppression_Configuration": "Configuration deletion",
    "Liste_Config_Paiement": "List of payment configurations",
    "Parametre_De_Configuration": "Configuration Settings",
    "Type_Indicateur": "Indicator Types",
    "Indicateurs_Aggreges": "Aggregate Indicators",
    "Indicateurs_Programmes": "Program Indicators",
    "Groupe_Indicateurs": "Indicator Group",
    "Programmes": "Programs",
    "Nom": "Name",
    "Etiquette": "Label",
    "Poids": "Weight",
    "Meilleur_Positif": "Best Positive",
    "Liste_Indicateurs_Configurer": "List of configured indicators",
    "Agregee": "Aggregate",
    "Indicateur_Programme": "Program Indicator",
    "Type_De_Supervision": "Type of supervision",
    "Configuration_Des_Indicateurs": "Indicator configuration",
    "Parametre_Supervision": "Supervision settings",
    "Analyses": "Analysis",
    "Type_Element": "Element type",
    "Liste_Element_Configurer": "List of configured elements",
    "Type": "Type",
    "Indicateur": "Indicator",
    "Source_De_Donnee": "Data source",
    "Terminer": "Completed",
    "Planifier": "Planned",
    "En_Attente": "Pending",
    "Parametres": "Settings",
    "Planifications": "Planifications",
    "Paiements": "Payments",
    "Dashboard": "Dashboard",
    "Display_Supervisors": "Display Supervisors",
    "Display_Supervisions": "Display Supervisions",
    "Recherche": "Research",
    "Groupe_Unite_Organisations": "Organisation unit groups",
    "Groupe_Unite_Organisation": "Organisation unit group",
    "Veuillez_Selectionner_Unite_Organisation": "Please select the organisation unit !",
    "Configuration_Equipes": "Supervisors team configuration",
    "Nom_De_Equipe": "Team name",
    "Equipe_Ajouter": "Team added !",
    "Equipe_Deja_Ajouter": "Team already added !",
    "Configuration_Deja_Ajouter": "Configuration already added !",
    "Nouvelle_Equipe": "New Team",
    "Confirmation_De_Suppression_De_Equipe": "Do you really want to delete this team ? ",
    "Equipes": "Teams",
    "Selectionnez_Indicateurs_De_Performance": "Select indicators: ",
    "Venant_Des_Favoris": "Favorites ?",
    "Element_De_Performance_Obligatoire": "Please select the performance element !",
    "Indicateurs_Selectionnes": "Indicators selected",
    "Enregistrer_Comme_Favorites": "Save as favorites",
    "Favorit_Exist_Deja": "This favorite already exists !",
    "Selectionnez_La_Favorit": "Select the favorite",
    "Enregistrement_Favorit": "Favorite saved",
    "Favorit_Enregistrer_Avec_Succes": "Favorite saved successfully !",
    "Selectionnez_Les_Indicateurs": "Select the indicators",
    "Confirmation_Suppression_Indicateur": "Do you really want to delete the indicator ? ",
    "Nom_Claire_Favorit": "Please provide a clear name for this favorite. ",
    "List_Vide": "Empty list !",
    "Best_Input_Is_Too_Gratter": "The number of best and bad values ​​entered are greater than the result found !",
    "Group_Element_Donnee": "Data element groups",
    "Element_Donne_A_Partie_De_Liste": "Select Data element from all data element list ?",
    "Choisir_Element_Donne_De_Group": "Select Data element from data element groups ?",
    "Aleatoire": "Random",
    "Recherche_Aleatoire": "Random search",
    "Nombres_Unites_Organisations": "Organiation unit number",
    "RDQA_Case": "Dynamic configuration of the indicators to be checked as in the case of RDQA ?",
    "Nombre_De_Structure_Trop_Grand": "The Organisation units number that you try to retrieve, is greater than the result found !",
    "Appliquer": "Apply",
    "Confirmation": "Confirmation",
    "Confirmation_Planification_Message": "Are you sure you have completed all the planification forms ?",
    "Veuillez_Remplire_Champ_Obligatoire": "Please complete all required fields !",
    "Team_Lead": "Team Lead",
    "Who_Is_The_Team_Lead": "Who is the team lead ? ",
    "Please_Select_One_Supervisor_Or_Other_Supervisor": "Please select on supervisor or other supervisor !",
    "Please_Select_Team_Lead": "Please select team lead !",
    "Planned_By_Me": "Planned by me",
    "My_Planifications": "My Supervisions",
    "Create_New_Configuration": "Create new configuration",
    "Select_Favorit": "Select Favorite",
    "Form_Field": "Indicator / Cross-Checking",
    "Operation_Failed": "Operation failed !",
    "Operation_Success": "Operation success !",
    "Annuler_Planification": "Cancel planification !",
    "Please_Select_Program_Stage": "Please select program stage",
    "Please_Select_Organisation_Unit_Group": "Please select organisation unit group",
    "Please_Configure_The_Program_Stage": "Please configure the program stages",
    "Please_Select_Supervisor_Fields": "Please select supervisor fields",
    "Program_Stage_Configuration_Help": "Configure for each program stage , the organisatiion unit group , the supervisor fields and supervision status. This configuration will help the application to know in which fields they can take or write informations",
    "Add": "Add",
    "Specific_Stage": "Plan for a specific stage ? ",
    "Supervision_Planned_With_Success_On": "Supervision planned with success on ",
    "Supervision_Status_fields": "Supervision Status fields",
    "Supervisor_Fields": "Supervisor Fields",
    "Program_Stage_Configuration": "Program stage configuration",
    "Planifiée": "Planned",
    "Annulée": "Cancel",
    "En Cours": "Pending",
    "Terminée": "Completed",
    "Create_Favorites": "Favorites creation",
    "Delete_Favorite": "Delete favorite",
    "Favorite_Deleted_Success": "Favoris supprimé avec succès",
    "Nom_De_La_Mission": "Mission name ",
    "Nom_Mission_Deja_Utiliser": "This name is already used !",
    "Supervision_Schedule": "Supervision schedule",
    "Help_Mission_Text": "For analysis purposes at the dashboard side, the application needs to record this planning as an output/mission.",
    "Print_Dashboard": "Print Dashboard",
    "Missions": "Missions",
    "Level": "Level",
    "Analysis_For": "Analysis for",
    "Global_Analysis_For": "Global Analysis for",
    "No_Planification_Done_On_An_OU": "No planification done on an organisation unit at this level ",
    "Visualizations": "Visualizations & Maps",
    "VisualisationType": "Visualiztaions",
    "MapType": "Maps",
    "SelectVisualizations": "Select Visualiztaions",
    "SelectMaps": "Select Maps",
    "Favoris": "Favorite"
}