{
    "Supervisions": "Supervisions",
    "Agent_0rg_Unit": "Agent ( org unit )",
    "Periode": "Période",
    "Status_Supervision": "Status Supervision",
    "Status_Paiement": "Status Paiement",
    "Actions": "Actions",
    "Unite_Organisation": "Unité d'organisation",
    "Ouvrir_Dans_Le_Tracker": "Ouvrir dans le tracker",
    "Aucune_donnees_Disponibles": "Aucune données disponibles",
    "Element_De_Donnee_Introuvable": "Elément de donnée introuvable !",
    "Programme": "Programme",
    "Unites_Organisation": "Unités d'organisation",
    "Planifier_Par": "Planifications",
    "Moi": "Moi",
    "Tous": "Tous",
    "Utilisateurs": "Utilisateurs",
    "Agent": "Agent",
    "Montants": "Montants",
    "Erreur_Recuperation_Me": "Erreur de récupération de l'utilisateur",
    "Aucun_Programme_Configurer": "Aucun programme n'est configuré. Veuillez configurer au moins un avant de continuer !",
    "Element_De_Donner_Obligatoire": "L'élément de donnée est obligatoire !",
    "Donne_Source_Obligatoire": "La donnée source est obligatoire !",
    "Programme_Stage_Obligatoire": "Le programme stage est obligatoire !",
    "Configuration_Ajoutee": "Configuration ajoutée !",
    "Configuration_Deja_Ajoutee": "Cette configuration à déjà été ajoutée !",
    "Suppression_Effectuee": "Suppression éffectuée !",
    "Attribute_Non_Configurer": "Aucun attribut à afficher, n'est encore configuré pour ce programme, Veuillez vous rendre dans partie configuration pour les configurer !",
    "Programme_Non_Trouver": "Programme non trouvée !",
    "Erreur_Creation_TEI": "Erreur de création du tracked entity instance !",
    "Erreur_Creation_Enrolement": "Erreur de création de l'enrôlement !",
    "Agent_Introuvable": "Impossible de trouver cet Agent !",
    "Planification_Effectuer": "Planification effectuée avec succès !",
    "Chargement_Des_Supervisions": "Chargement des supervisions...",
    "Aucune_Supervision_Disponible": "Aucune supervision disponible !",
    "Planifier_Supervision": "Planifier la supervision(s)",
    "List_Supervisions": "Liste des supervisions",
    "Nouvelle_Supervision": "Nouvelle supervision",
    "Que_Voulez_Vous_Superviser": "Que voulez-vous superviser ?",
    "Fiches_Supervisions": "Fiches de supervisions",
    "Aucun_Programme_Supervision": "Aucun programme de supervision disponible !",
    "Planification": "Planification",
    "Directe": "Directe",
    "Basee_Sur_Perfomances": "Basée sur les performances",
    "Planification_Sur_Org_Units": "Planification basée sur les unités d'organisations",
    "Planification_Sur_Performances": "Planification Basée sur les perfomances configurées",
    "Indicateurs": "Indicateurs",
    "Configuration_Des_Champs_De_Saisie": "Configuration des champs de saisie",
    "Configuration_Element_De_Donner": "Configurer les éléments de données dans lesquels vous souhaitez insérer les informations entrées dans le formulaire(s)",
    "Formulaire_De_Planification": "Formulaire de planification sur",
    "Suppression": "Suppression",
    "Confirmation_Suppression_Du_Formulaire": "Voulez-vous vraiment supprimer ce formulaire ?",
    "Libelle": "Libellé",
    "Superviseurs": "Superviseurs",
    "Autre_Superviseurs": "Autre superviseurs",
    "Ajouter": "Ajouter",
    "Confirmation_Suppression_Superviseur": "Voulez-vous vraiment supprimer ce superviseur ? ",
    "Confirmation_Annulation_Event": "Voulez-vous vraiment Annuler cette planification ?",
    "Criteres_De_Paiement": "Critères de paiement",
    "Unite_Organisation_Obligatoire": "L'unité d'organisation est obligatoire !",
    "Veuillez_Selectionner_Les_Indicateurs": "Veuillez sélectionner les indicateurs de recherches !",
    "OrgUnitGroupSet_Obligatoire": "Ensemble de Groupes d'Unitees d'Organisation est obligatoire !",
    "OrgUnitGroup_Obligatoire": "Groupes d'Unitées d'Organisation est obligatoire !",
    "Veuillez_Selectionner_Periode:": "Veuillez sélectionner la période !",
    "Aucun_Donne_Trouver_Pour_Cette_Selection": "Aucun donnés n'a été trouvé pour cette sélection !",
    "Criteres_De_Recherches": "Critères de recherches",
    "Mauvais": "Mauvais",
    "Meilleur": "Meilleur",
    "OrgUnitGroupSet": "Ensemble de Groupes d'Unitées d'Organisation",
    "OrgUnitGroups": "Groupes d'Unitées d' Organisation",
    "Type_Periode": "Type de Période",
    "Afficher_Resultats": "Afficher les résultats",
    "Liste_Configuration_Element_De_Donnees": "Liste des configurations des éléments de données",
    "Programme_Stage": "Program Stage",
    "Element_De_Donnee": "Element de donnée",
    "Confirmation_Suppression_Configuration": "Voulez-vous vraiment supprimer cette configuration ?",
    "Finalisation": "Finalisation",
    "Configuration": "Configuration",
    "Configurations_Globales": "Configurations globales",
    "Programmes_Stage": "Programmes stage",
    "Ajouter_Nouveau_Mapping": "Ajouter nouveau mapping",
    "Annuler_Le_Mapping": "Annuler le mapping",
    "Source_De_Donnee": "Source de donnée",
    "Annuler": "Annuler",
    "Enregistrer": "Enrégistrer",
    "Elements_De_Donnees": "Eléments de données",
    "Liste_Des_Agents": "Liste des Agents",
    "Chargement": "Chargement",
    "Aucun_Agent_Trouve": "Aucun Agent trouvé !",
    "Precedent": "Précédent",
    "Suivant": "Suivant",
    "Periode_Selectionner": "Période sélectionnée",
    "Oui": "Oui",
    "Non": "Non",
    "Erreur_Creation_Enrollment": "Erreur création de l'enrôlement !",
    "Configuration_Deja_Mapper": "Programmes Tracker",
    "Veuillez_Selectionner_Un_Programme": "Veuillez sélectionner le programme tracker !",
    "Veuillez_Configurer_Attribut_A_Utiliser": "Veuillez configurer les attributs à utiliser lors de l'affichage des agents !",
    "Attribute_Nom": "Veuillez configurer l'attribut qui représente le nom de l'agent !",
    "Attribute_Prenom": "Veuillez configurer l'attribut qui représente le prénom de l'agent !",
    "Programme_Introuvable": "Programme non trouvé !",
    "Mise_A_Jour_Effectuer": "Mise à jour éffectuée",
    "Nom_Obligatoire": "Le Nom est obligatoire !",
    "Etiquette_Obligatoire": "L' Etiquette est obligatoire !",
    "Poid_Obligatoire": "Le Poid est obligatoire !",
    "Indicateur_Deja_Configurer": "Cet indicateur est déjà configuré !",
    "Mise_A_Jour_Succes": "Mise à jour éffectuée avec success !",
    "Indicateur_Obligatoire": "L'indicateur est obligatoire !",
    "Configuration_Champ_Supervision": "Configuration des champs superviseurs",
    "Aide_Configuration_Supervision": "Cette configuration permettra de faire la correspondance entre les éléments de données sélectionnées et les superviseurs qui seront sélectionnés lors de la planification en respectant l'ordre de sélection.",
    "Element_Donne": "Eléments de données",
    "Programmes_Tracker": "Programmes Tracker",
    "Generer_Supervision_Comme_TEI": "Générer les supervisions comme Tracked Entity Instances",
    "Generer_Supervision_Comme_EN": "Générer les supervisions comme Enrôlements",
    "Generer_Supervision_Comme_EV": "Générer les supervisions comme Evènements",
    "Planifier_Sur_OrgUnit_Ou_Agent": "Voulez-vous planifier la supervision sur les Unités d'organisations ou sur les Agents ?",
    "Configuration_Des_Attributes": "Configuration des attributs du programme a affichées",
    "Attributs": "Attributs",
    "Aide_Attribute_Configurer": "Les attributs configurés ici seront utilisés comme les entêtes des tableaux lors de l'affichage de la liste des Agents.",
    "Program_Stage": "Program Stage",
    "Attribute_Representant_Nom_Et_Prenom": "Veuillez configurer également les attributs représentant le nom et le prénom de l'Agent. Ces informations seront utilisées un meilleur affichage des informations de l'Agent.",
    "Nom_Agent": "Nom de l'Agent",
    "Prenom_Agent": "Prénom de l'Agent",
    "Configuration_Element": "Configuration de l'élement de donné à utiliser pour le statut de la supervision",
    "Aide_Config_Element": "La configuration de cet élément de données, permettra de suivre le statut des supervisions.",
    "Libelle_Obligatoire": "Le champ libellé est obligatoire !",
    "Paiement_Ajouter": "Paiement ajouté !",
    "Paiement_Mise_A_Jour": "Paiement Mise à jour !",
    "Configuration_Des_Paiements": "Configuration des paiements",
    "Aide_Configuration_Paiement": "La configuration de cet élément de données, permettra de suivre le statut des paiements.",
    "Paiement": "Paiement",
    "Montant_Constant": "Montant constant",
    "Frais_Mobile_Money": "Frais Mobile Money ( % )",
    "Mise_A_Jour": "Mise à jour",
    "Configuration_Supprimer": "Configuration supprimée !",
    "Liste_Programme_Tracker": "Liste des configurations des programmes tracker",
    "Type_Strategie": "Type de Stratégie",
    "Enrolements": "Enrôlements",
    "Evenements": "Evènements",
    "Teis": "Tracked Entity Instances",
    "Suppression_Configuration": "Suppression de la configuration",
    "Liste_Config_Paiement": "Liste des configurations du paiement",
    "Parametre_De_Configuration": "Paramètre de Configurations",
    "Type_Indicateur": "Type d'indicateurs",
    "Indicateurs_Aggreges": "Indicateurs Aggrégés",
    "Indicateurs_Programmes": "Indicateurs de programmes",
    "Groupe_Indicateurs": "Groupe d'indicateurs",
    "Programmes": "Programmes",
    "Nom": "Nom",
    "Etiquette": "Etiquette",
    "Poids": "Poids",
    "Meilleur_Positif": "Meilleur Positif",
    "Liste_Indicateurs_Configurer": "Liste des indicateurs configurés ",
    "Agregee": "Agrégée",
    "Indicateur_Programme": "Indicateur de programme",
    "Type_De_Supervision": "Type de supervisions",
    "Configuration_Des_Indicateurs": "Configuration des indicateurs",
    "Parametre_Supervision": "Paramètre des supervisions",
    "Analyses": "Analyses",
    "Type_Element": "Type d'élément",
    "Liste_Element_Configurer": "Liste des éléments configurés",
    "Type": "Type",
    "Indicateur": "Indicateur",
    "Terminer": "Terminée",
    "Planifier": "Planifiée",
    "En_Attente": "En Cours",
    "Parametres": "Paramètres",
    "Planifications": "Planifications",
    "Paiements": "Paiements",
    "Dashboard": "Dashboard",
    "Display_Supervisors": "Afficher les Superviseurs",
    "Display_Supervisions": "Afficher les Supervisions",
    "Recherche": "Rechercher",
    "Groupe_Unite_Organisations": "Groupe d'unité d'organisation",
    "Groupe_Unite_Organisation": "Group d'unité d'organisation ",
    "Veuillez_Selectionner_Unite_Organisation": "Veuillez sélectionner l'unité d'organisation",
    "Configuration_Equipes": "Configuration des Equipes de superviseurs",
    "Nom_De_Equipe": "Nom de l'équipe",
    "Equipe_Ajouter": "Equipe ajoutée !",
    "Equipe_Deja_Ajouter": "Equipe déjà ajoutée !",
    "Nouvelle_Equipe": "Nouvelle Equipe",
    "Confirmation_De_Suppression_De_Equipe": "Voulez-vous vraiment supprimer cette équipe ? ",
    "Equipes": "Equipes",
    "Selectionnez_Indicateurs_De_Performance": "Sélectionnez les indicateurs: ",
    "Venant_Des_Favoris": "Venant des favoris ?",
    "Element_De_Performance_Obligatoire": "Veuillez Sélectionner l'élément de performance !",
    "Indicateurs_Selectionnes": "Indicateurs sélectionnés",
    "Enregistrer_Comme_Favorites": "Enrégistrer comme favoris",
    "Favorit_Exist_Deja": "Ce favori existe déjà !",
    "Selectionnez_La_Favorit": "Sélectionnez le favori",
    "Enregistrement_Favorit": "Enrégistrement du favori",
    "Favorit_Enregistrer_Avec_Succes": "Favori enrégistré avec succès !",
    "Selectionnez_Les_Indicateurs": "Sélectionnez les indicateurs",
    "Confirmation_Suppression_Indicateur": "Voulez-vous vraiment supprimer l'indicateur ? ",
    "Nom_Claire_Favorit": "Veuillez définir un nom bien clair à ce favori",
    "List_Vide": "Liste Vide !",
    "Best_Input_Is_Too_Gratter": "Le nombre de meilleure et mauvaise valeur saisie sont plus grands que le résultat trouvé !",
    "Group_Element_Donnee": "Groupe d'élément de données",
    "Element_Donne_A_Partie_De_Liste": "Choisir les éléments de données à partie d'une liste d'élement de donnée ?",
    "Choisir_Element_Donne_De_Group": "Choisir les éléments de données à partir d'un groupe ?",
    "Aleatoire": "Aléatoire",
    "Recherche_Aleatoire": "Recherche aléatoire",
    "Nombres_Unites_Organisations": "Nombres d'unités d'organisations",
    "RDQA_Case": "Configuration dynamique des indicateurs à vérifier comme dans le cas d'RDQA ?",
    "Nombre_De_Structure_Trop_Grand": "Le nombres d'unité d'organisations que vous éssayez de recupérer, est plus grand que le résultat trouvé !",
    "Appliquer": "Appliquer",
    "Confirmation": "Confirmation",
    "Confirmation_Planification_Message": "Etes-vous sûre d'avoir rempli tous les formulaires de planification ?",
    "Veuillez_Remplire_Champ_Obligatoire": "Veuillez remplir tous les champs obligatoires s'il vous plait !",
    "Team_Lead": "Chef d'équipe",
    "Who_Is_The_Team_Lead": "Qui est le chef d'équipe ? ",
    "Please_Select_One_Supervisor_Or_Other_Supervisor": "Veuillez sélectionner ou ajouter un superviseur !",
    "Please_Select_Team_Lead": "Veuillez selectionner le chef d'équipe",
    "Planned_By_Me": "Planifié par moi",
    "My_Planifications": "Mes supervisions",
    "Create_New_Configuration": "Créer une nouvelle configuration",
    "Select_Favorit": "Sélectionner la favoris",
    "Form_Field": "Indicateur / Recoupement",
    "Operation_Failed": "Echèc de l'opération !",
    "Operation_Success": "Opération éffectuée avec succès !",
    "Annuler_Planification": "Annuler la planification",
    "Configuration_Deja_Ajouter": "Configuration déjà ajoutée",
    "Please_Select_Program_Stage": "Veuillez sélectionner le programme stage",
    "Please_Select_Organisation_Unit_Group": "Veuillez sélectionner le group d'unité d'organisation",
    "Please_Configure_The_Program_Stage": "Veuillez configurer le programme stage",
    "Please_Select_Supervisor_Fields": "Veuillez selectionner les champs superviseur",
    "Program_Stage_Configuration_Help": "Configurez pour chaque program stage, le groupe d'unités d'organisation, les champs du superviseur et le statut de supervision. Cette configuration aidera l'application à savoir dans quels champs elle peut prendre ou écrire des informations",
    "Add": "Ajouter",
    "Specific_Stage": "Planifier pour une stade spécifique ? ",
    "Supervision_Planned_With_Success_On": "Supervision planifiée avec succès sur ",
    "Supervision_Status_fields": "Champs status supervision",
    "Supervisor_Fields": "Champs superviseur",
    "Program_Stage_Configuration": "Configuration du programme stage",
    "Planifiée": "Planifiée",
    "Annulée": "Annulée",
    "En Cours": "En Cours",
    "Terminée": "Terminée",
    "Create_Favorites": "Création des favoris",
    "Delete_Favorite": "Supprimer le favoris",
    "Favorite_Deleted_Success": "Favoris supprimé avec succès",
    "Nom_De_La_Mission": "Nom de la sortie ( mission ) ",
    "Nom_Mission_Deja_Utiliser": "Ce nom est déjà utilisé !",
    "Supervision_Schedule": "Agenda des supervisions ",
    "Help_Mission_Text": "A des fins d'analyse au niveau du dashboard, l'application a besoin d'enregistrer cette planification sous forme d'une sortie / mission.",
    "Print_Dashboard": "Imprimer le Dashboard",
    "Missions": "Missions",
    "Level": "Niveau",
    "Analysis_For": "Analyses sur ",
    "Global_Analysis_For": "Analyses Globale sur ",
    "No_Planification_Done_On_An_OU": "Aucune planification effectuée sur une unité d'organisation à ce level",
    "Visualizations": "Graphiques & Cartes",
    "VisualisationType": "Graphiques",
    "MapType": "Cartes",
    "SelectVisualizations": "Selectionner les graphiques ( Favoris ) ",
    "SelectMaps": "Selectionner les Cartes ( Favoris ) ",
    "Favoris": "Favoris",




    "Confirmation_Suppression_Visualisation": "Voulez-vous vraiment supprimer cet item "
}